session_id,participant_id,status,started_datetime,completed_date_time,time_taken,age,num_approvals,num_rejections,prolific_score,reviewed_at_datetime,entered_code,Country of Birth,Current Country of Residence,Employment Status,English speaking Monolingual,First Language,Nationality,Sex,Student Status
62881bdbafae53994d32219c,612c02e62fe8cb2a900cf581,RETURNED,2022-05-20 22:53:25.018000,,229777.239424,21,182,1,100,,,CONSENT REVOKED,CONSENT REVOKED,CONSENT REVOKED,CONSENT REVOKED,CONSENT REVOKED,CONSENT REVOKED,CONSENT REVOKED,CONSENT REVOKED
62882126a457bba482f1e9a4,5dcf1fd0710dfc073a370a19,RETURNED,2022-05-20 23:15:56.370000,,228425.899149,53,866,1,100,,,CONSENT REVOKED,CONSENT REVOKED,CONSENT REVOKED,CONSENT REVOKED,CONSENT REVOKED,CONSENT REVOKED,CONSENT REVOKED,CONSENT REVOKED
6288218ff1b3da7001015c36,609a9671bca2ca82ca2b14ed,RETURNED,2022-05-20 23:22:40.690000,,228021.590721,34,166,1,100,,,CONSENT REVOKED,CONSENT REVOKED,CONSENT REVOKED,CONSENT REVOKED,CONSENT REVOKED,CONSENT REVOKED,CONSENT REVOKED,CONSENT REVOKED
6288241c2e19ab1c8cb505fd,5920b1f62b529b00013f3214,APPROVED,2022-05-20 23:28:28.048000,2022-05-20 23:58:23.294000,1795.246,58,1251,0,100,2022-05-23 08:59:45.285000,81A407F4,United States,United States,Full-Time,I only know English,English,United States,Male,No
628825e4ec82cca92e96079a,5739549114f69e00067becd8,APPROVED,2022-05-20 23:36:08.377000,2022-05-21 00:05:51.524000,1783.147,,1277,1,100,2022-05-23 08:59:45.400000,81A407F4,United States,United States,DATA EXPIRED,I only know English,English,United States,Male,No
628826a4a776e376dd7623d2,5f0d2ad60ad0d6730c380b05,APPROVED,2022-05-20 23:39:16.783000,2022-05-21 01:06:59.783000,5263.0,49,1357,4,100,2022-05-23 08:59:45.499000,81A407F4,United States,United States,"Not in paid work (e.g. homemaker', 'retired or disabled)",I only know English,English,United States,Male,DATA EXPIRED
6288280bdff120ab8c154ad5,6110bb781edb1277d4bd622e,RETURNED,2022-05-20 23:45:19.443000,,226662.898297,19,20,0,100,,,CONSENT REVOKED,CONSENT REVOKED,CONSENT REVOKED,CONSENT REVOKED,CONSENT REVOKED,CONSENT REVOKED,CONSENT REVOKED,CONSENT REVOKED
62882bc8ddca8d3422eb21a1,614e80be97b75ce79b26267b,RETURNED,2022-05-21 00:01:16.272000,,225706.083451,34,239,2,100,,,CONSENT REVOKED,CONSENT REVOKED,CONSENT REVOKED,CONSENT REVOKED,CONSENT REVOKED,CONSENT REVOKED,CONSENT REVOKED,CONSENT REVOKED
62882dbaaa2c56fdfa597baa,620bde4fa922fc3f247f6e43,APPROVED,2022-05-21 00:09:38.769000,2022-05-21 01:02:13.651000,3154.882,54,464,1,100,2022-05-23 08:59:45.610000,81A407F4,United States,United States,Part-Time,I only know English,English,United States,Female,No
62882edb0a75729730adcf18,5fe7830f60d5fb11b5e2893e,APPROVED,2022-05-21 00:14:22.319000,2022-05-21 00:44:02.047000,1779.728,34,500,0,100,2022-05-23 08:59:45.722000,81A407F4,United States,United States,DATA EXPIRED,I only know English,English,United States,Female,DATA EXPIRED
62882f21a132ec83d97cd762,57dd7528a0e8ce00015445fd,RETURNED,2022-05-21 00:16:09.919000,,224812.470726,31,2657,6,100,,,CONSENT REVOKED,CONSENT REVOKED,CONSENT REVOKED,CONSENT REVOKED,CONSENT REVOKED,CONSENT REVOKED,CONSENT REVOKED,CONSENT REVOKED
62882f4fb3c3dbd013f42a13,5ce973ea6c890100012ea2ae,APPROVED,2022-05-21 00:17:33.371000,2022-05-21 00:44:41.643000,1628.272,35,366,0,100,2022-05-23 08:59:45.844000,81A407F4,United States,United States,Full-Time,I only know English,English,United States,Female,No
628830b62a57d0a2004090fe,5c58e01e6f4ec5000164c35a,RETURNED,2022-05-21 00:22:18.803000,,224443.613345,29,1238,9,98,,,CONSENT REVOKED,CONSENT REVOKED,CONSENT REVOKED,CONSENT REVOKED,CONSENT REVOKED,CONSENT REVOKED,CONSENT REVOKED,CONSENT REVOKED
62883145ab85d7b23eb0ad6f,5a792c898fe2dc0001058c3b,RETURNED,2022-05-21 00:28:00.440000,,224101.987697,34,2283,0,100,,,CONSENT REVOKED,CONSENT REVOKED,CONSENT REVOKED,CONSENT REVOKED,CONSENT REVOKED,CONSENT REVOKED,CONSENT REVOKED,CONSENT REVOKED
628831b0453448c09503bdd0,620299b5ef1cb18a1337c4e9,APPROVED,2022-05-21 00:26:30.591000,2022-05-21 00:51:48.562000,1517.971,39,39,0,100,2022-05-23 08:59:45.966000,81A407F4,United States,United States,Full-Time,I only know English,English,United States,Male,No
6288322101fb0fc39882d57c,60feeffdd94575eb62a4e011,APPROVED,2022-05-21 00:28:23.892000,2022-05-21 00:45:41.707000,1037.815,20,39,0,100,2022-05-23 08:59:46.072000,81A407F4,United States,United States,Unemployed (and job seeking),I only know English,English,United States,Female,Yes
628832408e1e283a1456694f,5c7db851461e90001c7a06ce,RETURNED,2022-05-21 00:28:54.530000,,224047.932669,31,402,4,99,,,CONSENT REVOKED,CONSENT REVOKED,CONSENT REVOKED,CONSENT REVOKED,CONSENT REVOKED,CONSENT REVOKED,CONSENT REVOKED,CONSENT REVOKED
628832add5b9f7fffe3a1b05,5aecad0e75deca000162634c,RETURNED,2022-05-21 00:30:44.666000,,223937.807927,,1769,5,100,,,CONSENT REVOKED,CONSENT REVOKED,CONSENT REVOKED,CONSENT REVOKED,CONSENT REVOKED,CONSENT REVOKED,CONSENT REVOKED,CONSENT REVOKED
6288342fb4f53614ea62b5d6,5dfbc3a1946e978e69d8e586,RETURNED,2022-05-21 00:37:07.809000,,223554.687631,65,989,3,100,,,CONSENT REVOKED,CONSENT REVOKED,CONSENT REVOKED,CONSENT REVOKED,CONSENT REVOKED,CONSENT REVOKED,CONSENT REVOKED,CONSENT REVOKED
62883498485a41f4a3e49665,5a198755f2e3460001edc5c9,APPROVED,2022-05-21 00:38:53.180000,2022-05-21 02:26:53.062000,6479.882,33,779,4,100,2022-05-23 08:59:46.175000,81A407F4,United States,United States,DATA EXPIRED,I only know English,English,United States,Male,DATA EXPIRED
628834b70ea627813e150067,5fabf9bfaa84e00ccd8961a2,APPROVED,2022-05-21 00:39:23.649000,2022-05-21 01:04:00.003000,1476.354,55,1247,6,99,2022-05-23 08:59:46.282000,81A407F4,United States,United States,"Not in paid work (e.g. homemaker', 'retired or disabled)",I only know English,English,United States,Female,No
6288351180b56a10811def38,5d847ac9be4b0b00188463d7,APPROVED,2022-05-21 00:40:52.177000,2022-05-21 00:58:54.299000,1082.122,24,1843,2,100,2022-05-23 08:59:46.387000,81A407F4,United States,United States,Unemployed (and job seeking),I only know English,English,United States,Male,No
6288356c8e8a43386723e53b,5a6f57166923df0001ef8d02,APPROVED,2022-05-21 00:44:14.555000,2022-05-21 01:02:43.293000,1108.738,39,578,0,100,2022-05-23 08:59:46.498000,81A407F4,United States,United States,Full-Time,I only know English,English,United States,Female,No
628835f3cefa09593475586a,60255901704fd208ecdcf32b,APPROVED,2022-05-21 00:48:48.479000,2022-05-21 01:29:39.565000,2451.086,23,1297,0,100,2022-05-23 08:59:46.616000,81A407F4,United States,United States,Other,I only know English,English,United States,Male,No
62883651d5b9f7fffe3a1b1c,5c4783b51d1ad90001228d05,RETURNED,2022-05-21 00:47:19.383000,,222943.186876,,296,0,100,,,CONSENT REVOKED,CONSENT REVOKED,CONSENT REVOKED,CONSENT REVOKED,CONSENT REVOKED,CONSENT REVOKED,CONSENT REVOKED,CONSENT REVOKED
628836ca51e09e3470bd2c46,5de66aea7e0115000c6affc3,APPROVED,2022-05-21 00:48:51.750000,2022-05-21 01:10:40.521000,1308.771,36,213,1,100,2022-05-23 08:59:46.732000,81A407F4,United States,United States,Unemployed (and job seeking),I only know English,English,United States,Female,No
62883797b4f53614ea62b5f4,55b237e6fdf99b19ea79d2f7,APPROVED,2022-05-21 00:51:38.224000,2022-05-21 01:25:54.837000,2056.613,53,1295,2,100,2022-05-23 08:59:46.842000,81A407F4,United States,United States,DATA EXPIRED,I only know English,English,United States,Female,DATA EXPIRED
6288384981820872ca2a18bc,5ee04647c5486d38b04883c1,RETURNED,2022-05-21 00:54:38.006000,,222504.619371,28,657,3,100,,,CONSENT REVOKED,CONSENT REVOKED,CONSENT REVOKED,CONSENT REVOKED,CONSENT REVOKED,CONSENT REVOKED,CONSENT REVOKED,CONSENT REVOKED
6288385285340f0d70f5f1b0,5e3f778e91be661ca60e3540,RETURNED,2022-05-21 00:55:47.937000,,222434.699306,31,1851,7,100,,,CONSENT REVOKED,CONSENT REVOKED,CONSENT REVOKED,CONSENT REVOKED,CONSENT REVOKED,CONSENT REVOKED,CONSENT REVOKED,CONSENT REVOKED
6288385fb5ad7dbf6c1b0ccd,5d63f9cd26a2ac001758c70d,RETURNED,2022-05-21 00:54:58.624000,,222484.023795,34,98,2,97,,,CONSENT REVOKED,CONSENT REVOKED,CONSENT REVOKED,CONSENT REVOKED,CONSENT REVOKED,CONSENT REVOKED,CONSENT REVOKED,CONSENT REVOKED
628838a51ad5099251483924,5c071dcf711f240001767fdf,APPROVED,2022-05-21 00:56:07.852000,2022-05-21 01:18:34.757000,1346.905,26,434,2,100,2022-05-23 08:59:46.947000,81A407F4,United States,United States,Full-Time,I only know English,English,United States,Female,No
62883947ce730dc66433e83a,597fe89a1b41a20001749f57,APPROVED,2022-05-21 01:00:34.304000,2022-05-21 01:17:31.677000,1017.373,44,3544,3,100,2022-05-23 08:59:47.074000,81A407F4,United States,United States,Full-Time,I only know English,English,United States,Female,No
6288397bcbbdd51eba076c8d,5f963718a844b719781e9e85,APPROVED,2022-05-21 00:59:41.682000,2022-05-21 01:19:05.724000,1164.042,34,997,1,100,2022-05-23 08:59:47.188000,81A407F4,United States,United States,Full-Time,I only know English,English,United States,Male,No
628839a036c1923173933a89,5e35e9d6ad66f5000f75567f,RETURNED,2022-05-21 01:00:20.843000,,222161.859828,24,333,1,100,,,CONSENT REVOKED,CONSENT REVOKED,CONSENT REVOKED,CONSENT REVOKED,CONSENT REVOKED,CONSENT REVOKED,CONSENT REVOKED,CONSENT REVOKED
62883a194557643000ae5ec8,5dcfe5ec41fb3f0de0080f1a,RETURNED,2022-05-21 01:02:20.522000,,222042.193836,65,1404,0,100,,,CONSENT REVOKED,CONSENT REVOKED,CONSENT REVOKED,CONSENT REVOKED,CONSENT REVOKED,CONSENT REVOKED,CONSENT REVOKED,CONSENT REVOKED
62883a78fe04812c9a2b4ca2,5b7ca6161e35f0000172fa14,APPROVED,2022-05-21 01:03:52.041000,2022-05-21 01:47:18.437000,2606.396,36,1185,10,99,2022-05-23 08:59:47.308000,81A407F4,United States,United States,Full-Time,I only know English,English,United States,Female,No
62883a97aaffe0c84aff23e4,60da0dbe19ca0571cb9535ba,RETURNED,2022-05-21 01:04:27.897000,,221914.843508,49,532,4,99,,,CONSENT REVOKED,CONSENT REVOKED,CONSENT REVOKED,CONSENT REVOKED,CONSENT REVOKED,CONSENT REVOKED,CONSENT REVOKED,CONSENT REVOKED
62883b16d3fb3a9d44adc4ae,5ddab4c559b1b0a089f10680,RETURNED,2022-05-21 01:06:34.111000,,221788.641196,65,1673,1,100,,,CONSENT REVOKED,CONSENT REVOKED,CONSENT REVOKED,CONSENT REVOKED,CONSENT REVOKED,CONSENT REVOKED,CONSENT REVOKED,CONSENT REVOKED
62883b1bc8615454cbb793cb,5f9e612e5e10814115cc780d,APPROVED,2022-05-21 01:06:38.799000,2022-05-21 01:28:16.861000,1298.062,48,876,0,100,2022-05-23 08:59:47.403000,81A407F4,United States,United States,Other,I only know English,English,United States,Male,No
62883b3981820872ca2a18ce,5b7aefd06c1ccb000178b710,RETURNED,2022-05-21 01:10:02.397000,,221580.383433,60,1195,3,100,,,CONSENT REVOKED,CONSENT REVOKED,CONSENT REVOKED,CONSENT REVOKED,CONSENT REVOKED,CONSENT REVOKED,CONSENT REVOKED,CONSENT REVOKED
62883b5e1816ba4bc98dca15,58cec6c08460040001e1ee79,RETURNED,2022-05-21 01:08:24.524000,,221678.284349,44,803,2,100,,,CONSENT REVOKED,CONSENT REVOKED,CONSENT REVOKED,CONSENT REVOKED,CONSENT REVOKED,CONSENT REVOKED,CONSENT REVOKED,CONSENT REVOKED
62883b5e924926864de28937,6094a41f36a19091aa12d460,RETURNED,2022-05-21 01:15:32.055000,,221250.846057,40,1359,3,100,,,CONSENT REVOKED,CONSENT REVOKED,CONSENT REVOKED,CONSENT REVOKED,CONSENT REVOKED,CONSENT REVOKED,CONSENT REVOKED,CONSENT REVOKED
62883b6503ae79319380dd65,57272517e386b9000e3e2b72,APPROVED,2022-05-21 01:08:19.109000,2022-05-21 01:28:32.905000,1213.796,49,1081,2,100,2022-05-23 08:59:47.495000,81A407F4,United States,United States,DATA EXPIRED,I only know English,English,United States,Female,DATA EXPIRED
62883ba5689e182349e47716,601e13b872774f263d64acac,RETURNED,2022-05-21 01:08:56.075000,,221646.851608,33,1134,5,100,,,CONSENT REVOKED,CONSENT REVOKED,CONSENT REVOKED,CONSENT REVOKED,CONSENT REVOKED,CONSENT REVOKED,CONSENT REVOKED,CONSENT REVOKED
62883baabd523131aa14fed9,60fd8cf1b99f6ccb0e5fc85a,RETURNED,2022-05-21 01:11:08.239000,,221514.716104,36,684,0,100,,,CONSENT REVOKED,CONSENT REVOKED,CONSENT REVOKED,CONSENT REVOKED,CONSENT REVOKED,CONSENT REVOKED,CONSENT REVOKED,CONSENT REVOKED
62883bb023a4ed095ffa6b2a,5f0e9896f5e4e11e12c8f5ac,RETURNED,2022-05-21 01:17:36.782000,,221126.185562,23,1747,2,100,,,CONSENT REVOKED,CONSENT REVOKED,CONSENT REVOKED,CONSENT REVOKED,CONSENT REVOKED,CONSENT REVOKED,CONSENT REVOKED,CONSENT REVOKED
62883c24f3ac54c9b1411b8c,580cab86b869700001d71628,APPROVED,2022-05-21 01:11:00.163000,2022-05-21 01:31:25.707000,1225.544,59,2160,7,100,2022-05-23 08:59:47.630000,81A407F4,United States,United States,Other,I only know English,English,United States,Female,Yes
62883c4d0c87e166919ee714,5f565f889df06007662eaa84,APPROVED,2022-05-21 01:12:11.795000,2022-05-21 01:41:02.210000,1730.415,45,426,1,100,2022-05-23 08:59:47.759000,81A407F4,United States,United States,Full-Time,I only know English,English,United States,Female,No
62883c8e672fc65634a0d45c,5fb1c8cdbf116f7140c7a27e,APPROVED,2022-05-21 01:12:51.914000,2022-05-21 01:33:12.634000,1220.72,38,309,0,100,2022-05-23 08:59:47.883000,81A407F4,United States,United States,DATA EXPIRED,I only know English,English,United States,Female,DATA EXPIRED
62883c9a9cc467f48192dec0,60d018cc0f3faeaec2f7b7e5,APPROVED,2022-05-21 01:14:23.929000,2022-05-21 02:21:25.636000,4021.707,38,396,2,100,2022-05-23 08:59:48.016000,81A407F4,United States,United States,DATA EXPIRED,I only know English,English,United States,Female,DATA EXPIRED
62883cc1bb3b61b9fd33ff90,61071715ef66759482346ce4,APPROVED,2022-05-21 01:14:14.309000,2022-05-21 01:34:11.231000,1196.922,37,979,3,100,2022-05-23 08:59:48.139000,81A407F4,United States,United States,Full-Time,I only know English,English,United States,Male,Yes
62883cd191cd6523329fed64,6234c8127a4c8c2c2c0ac967,RETURNED,2022-05-21 01:18:46.715000,,221056.322363,37,170,0,100,,,CONSENT REVOKED,CONSENT REVOKED,CONSENT REVOKED,CONSENT REVOKED,CONSENT REVOKED,CONSENT REVOKED,CONSENT REVOKED,CONSENT REVOKED
62883cf8af3c0e623352026c,5f0a686635f72917e94c7a63,RETURNED,2022-05-21 01:15:09.786000,,221273.26301,41,744,1,100,,,CONSENT REVOKED,CONSENT REVOKED,CONSENT REVOKED,CONSENT REVOKED,CONSENT REVOKED,CONSENT REVOKED,CONSENT REVOKED,CONSENT REVOKED
62883d017fb9fe3eb6c21e5c,58c1d1fb8a3f870001c0e34c,APPROVED,2022-05-21 01:14:47.530000,2022-05-21 01:38:41.793000,1434.263,27,979,0,100,2022-05-23 08:59:49.721000,81A407F4,United States,United States,Full-Time,I only know English,English,United States,Female,No
62883d13d24f47f0435e54b1,62850929d863bbcde0ef538b,TIMED-OUT,2022-05-21 01:15:03.434000,,221279.640099,49,41,0,100,,,United States,United States,DATA EXPIRED,I only know English,English,United States,Male,No
62883d2b09a1ed68d3f4c54c,60b296b907e5c81c0ea774fb,APPROVED,2022-05-21 01:15:26.737000,2022-05-21 01:37:13.890000,1307.153,47,476,1,100,2022-05-23 08:59:52.875000,81A407F4,United States,United States,"Not in paid work (e.g. homemaker', 'retired or disabled)",I only know English,English,United States,Female,No
62883d39a0cc3491e419ba0d,5d96eeed1998fb00177f6b71,APPROVED,2022-05-21 01:15:44.218000,2022-05-21 01:52:09.724000,2185.506,24,2102,9,99,2022-05-23 08:59:53.244000,81A407F4,China,United States,Unemployed (and job seeking),I only know English,English,United States,Female,DATA EXPIRED
62883d972aa5af51210037c4,60cd717e463162435e3b7d46,APPROVED,2022-05-21 01:17:22.325000,2022-05-21 02:19:11.595000,3709.27,40,338,4,99,2022-05-23 08:59:53.621000,81A407F4,United States,United States,DATA EXPIRED,I only know English,English,United States,Female,DATA EXPIRED
62883db29550e138af40e88a,5ee3c01c7247c006e9a3f4fd,RETURNED,2022-05-21 01:17:38.967000,,221124.159743,57,2166,3,100,,,CONSENT REVOKED,CONSENT REVOKED,CONSENT REVOKED,CONSENT REVOKED,CONSENT REVOKED,CONSENT REVOKED,CONSENT REVOKED,CONSENT REVOKED
62883db50067e03db83aac9d,616d0c1b16a0437469b6cd74,RETURNED,2022-05-21 01:17:45.419000,,221117.719354,32,915,4,100,,,CONSENT REVOKED,CONSENT REVOKED,CONSENT REVOKED,CONSENT REVOKED,CONSENT REVOKED,CONSENT REVOKED,CONSENT REVOKED,CONSENT REVOKED
62883e0f58529d1289088c76,610789475324655db01cdfbf,RETURNED,2022-05-21 01:19:17.763000,,221025.387125,24,259,0,100,,,CONSENT REVOKED,CONSENT REVOKED,CONSENT REVOKED,CONSENT REVOKED,CONSENT REVOKED,CONSENT REVOKED,CONSENT REVOKED,CONSENT REVOKED
62883e21aba51eb02609e5df,59d0ec2446447f00011f0254,RETURNED,2022-05-21 01:19:35.410000,,221007.753542,39,1496,0,100,,,CONSENT REVOKED,CONSENT REVOKED,CONSENT REVOKED,CONSENT REVOKED,CONSENT REVOKED,CONSENT REVOKED,CONSENT REVOKED,CONSENT REVOKED
62883e2853e3cc907e091ab4,604c766c4e0093db2f1a56a7,RETURNED,2022-05-21 01:20:18.670000,,220964.505391,22,564,3,100,,,CONSENT REVOKED,CONSENT REVOKED,CONSENT REVOKED,CONSENT REVOKED,CONSENT REVOKED,CONSENT REVOKED,CONSENT REVOKED,CONSENT REVOKED
62883e38b27b5b94174beeae,60d905d968d5d28e18ee58a1,APPROVED,2022-05-21 01:20:00.543000,2022-05-21 01:48:31.193000,1710.65,32,488,3,99,2022-05-23 08:59:53.928000,81A407F4,United States,United States,DATA EXPIRED,I only know English,English,United States,Female,DATA EXPIRED
62883e4b21304c9436d7386e,5d5b705b74428400019fbf5e,APPROVED,2022-05-21 01:22:10.016000,2022-05-21 01:38:38.892000,988.876,25,1217,1,100,2022-05-23 08:59:54.573000,81A407F4,United States,United States,Full-Time,I only know English,English,United States,Female,No
62883e4e027be4a52b588bee,611b1f8d65d3749d42e746c2,APPROVED,2022-05-21 01:20:30.184000,2022-05-21 02:27:48.454000,4038.27,56,339,2,100,2022-05-23 08:59:54.874000,81A407F4,United States,United States,DATA EXPIRED,I only know English,English,United States,Female,DATA EXPIRED
62883e6dbc3d370d6bfb2f1c,6018e7e271455e1e9e49bda1,RETURNED,2022-05-21 01:20:47.793000,,220935.431419,30,852,0,100,,,CONSENT REVOKED,CONSENT REVOKED,CONSENT REVOKED,CONSENT REVOKED,CONSENT REVOKED,CONSENT REVOKED,CONSENT REVOKED,CONSENT REVOKED
62883e6fb0362885890cd3e6,6134f34ee14b19d485d4502f,RETURNED,2022-05-21 01:25:39.787000,,220643.449708,32,603,0,100,,,CONSENT REVOKED,CONSENT REVOKED,CONSENT REVOKED,CONSENT REVOKED,CONSENT REVOKED,CONSENT REVOKED,CONSENT REVOKED,CONSENT REVOKED
62883e70de55dcc480ac8a13,5c40e7d99d27f00001159a65,RETURNED,2022-05-21 01:20:54.688000,,220928.560603,40,2197,6,99,,,CONSENT REVOKED,CONSENT REVOKED,CONSENT REVOKED,CONSENT REVOKED,CONSENT REVOKED,CONSENT REVOKED,CONSENT REVOKED,CONSENT REVOKED
62883e77d7ec3a112e19a45b,5cc22481f6ef910019e5120f,APPROVED,2022-05-21 01:21:05.233000,2022-05-21 01:52:05.725000,1860.492,40,1232,7,99,2022-05-23 08:59:55.187000,81A407F4,United States,United States,DATA EXPIRED,I only know English,English,United States,Male,DATA EXPIRED
62883e7c6e5c4434760dd32a,5a4c1ecaefd8df0001d34305,RETURNED,2022-05-21 01:21:05.790000,,220917.487228,29,1709,9,99,,,CONSENT REVOKED,CONSENT REVOKED,CONSENT REVOKED,CONSENT REVOKED,CONSENT REVOKED,CONSENT REVOKED,CONSENT REVOKED,CONSENT REVOKED
62883e8f68b8deb1182137dc,5a01a0fd728b1b0001ad89f8,APPROVED,2022-05-21 01:24:51.178000,2022-05-21 01:41:04.125000,972.947,34,1446,1,100,2022-05-23 08:59:55.484000,81A407F4,United States,United States,Full-Time,I only know English,English,United States,Female,No
62883e9327e0a34c770aa8c6,5c411edd4f48240001b358e0,APPROVED,2022-05-21 01:21:29.997000,2022-05-21 01:40:55.178000,1165.181,53,932,2,100,2022-05-23 08:59:55.858000,81A407F4,United States,United States,Full-Time,I only know English,English,United States,Male,No
62883e98b0362885890cd3e7,5efe29d315ba872fa20a9c3d,APPROVED,2022-05-21 01:21:33.298000,2022-05-21 01:45:33.733000,1440.435,25,630,2,100,2022-05-23 08:59:56.298000,81A407F4,United States,United States,DATA EXPIRED,I only know English,English,United States,Male,DATA EXPIRED
62883eabc3afcaab9b6dfa6d,5d3541d168d63a001aa72ce8,APPROVED,2022-05-21 01:22:00.597000,2022-05-21 01:51:08.586000,1747.989,39,466,1,100,2022-05-23 08:59:56.696000,81A407F4,United States,United States,Full-Time,I only know English,English,United States,Female,No
62883eb088d75930be1d32da,57ce74a271536c00015f12ed,RETURNED,2022-05-21 01:21:56.998000,,220866.345134,27,1499,5,100,,,CONSENT REVOKED,CONSENT REVOKED,CONSENT REVOKED,CONSENT REVOKED,CONSENT REVOKED,CONSENT REVOKED,CONSENT REVOKED,CONSENT REVOKED
62883eb175f167ed216b19cf,5dd61a909ca8a35c14d8d610,RETURNED,2022-05-21 01:22:15.832000,,220847.522514,61,2420,2,100,,,CONSENT REVOKED,CONSENT REVOKED,CONSENT REVOKED,CONSENT REVOKED,CONSENT REVOKED,CONSENT REVOKED,CONSENT REVOKED,CONSENT REVOKED
62883eb6a4c26520a32e6352,5c9527e29e4f7400011e1571,RETURNED,2022-05-21 01:23:08.291000,,220795.076001,49,2601,3,100,,,CONSENT REVOKED,CONSENT REVOKED,CONSENT REVOKED,CONSENT REVOKED,CONSENT REVOKED,CONSENT REVOKED,CONSENT REVOKED,CONSENT REVOKED
62883eb949d0b12d963b69d8,5fb7dd473afbb1033b491811,APPROVED,2022-05-21 01:22:10.282000,2022-05-21 01:47:58.648000,1548.366,45,1156,0,100,2022-05-23 08:59:56.956000,81A407F4,United States,United States,Full-Time,I only know English,English,United States,Male,No
62883ed849d0b12d963b69d9,60ddf4b3e6b47e907bd5e6b9,APPROVED,2022-05-21 01:28:02.285000,2022-05-21 03:22:56.502000,6894.217,38,532,0,100,2022-05-23 08:59:57.660000,81A407F4,United States,United States,DATA EXPIRED,I only know English,English,United States,Male,DATA EXPIRED
62883edd3f8eb51f2d90c18b,5eb879035275547d0fcdd610,TIMED-OUT,2022-05-21 01:22:49.673000,,220813.73859,43,1527,4,100,,,United States,United States,Full-Time,I only know English,English,United States,Male,Yes
62883ee89cc467f48192decf,603e97018512c2f752512f0b,RETURNED,2022-05-21 01:22:51.581000,,220811.842217,43,1391,4,100,,,CONSENT REVOKED,CONSENT REVOKED,CONSENT REVOKED,CONSENT REVOKED,CONSENT REVOKED,CONSENT REVOKED,CONSENT REVOKED,CONSENT REVOKED
62883f10c4e982e42bdaae23,60fd89617258b322c92fdd03,APPROVED,2022-05-21 01:23:28.245000,2022-05-21 01:39:48.254000,980.009,21,768,0,100,2022-05-23 08:59:57.844000,81A407F4,United States,United States,Part-Time,I only know English,English,United States,Female,Yes
62883f3b78001d110da1d00c,5ea25b82a46065174c689daa,RETURNED,2022-05-21 01:24:15.590000,,220727.857131,52,1942,4,100,,,CONSENT REVOKED,CONSENT REVOKED,CONSENT REVOKED,CONSENT REVOKED,CONSENT REVOKED,CONSENT REVOKED,CONSENT REVOKED,CONSENT REVOKED
62883f3c91ba4d4d4d94ab08,60feba907cda681c2cf6cb07,APPROVED,2022-05-21 01:24:14.876000,2022-05-21 01:40:44.914000,990.038,28,828,0,100,2022-05-23 08:59:58.080000,81A407F4,United States,United States,Full-Time,I only know English,English,United States,Female,No
62883f3f4e65e8c625088300,6283dfc2f6449b4dea57a4e5,RETURNED,2022-05-21 01:25:02.143000,,220681.329994,35,48,0,100,,,CONSENT REVOKED,CONSENT REVOKED,CONSENT REVOKED,CONSENT REVOKED,CONSENT REVOKED,CONSENT REVOKED,CONSENT REVOKED,CONSENT REVOKED
62883f53a8809d7485ecdcfa,5e1a7114a90da52e206de7ea,RETURNED,2022-05-21 01:24:48.827000,,220694.661362,33,1800,0,100,,,CONSENT REVOKED,CONSENT REVOKED,CONSENT REVOKED,CONSENT REVOKED,CONSENT REVOKED,CONSENT REVOKED,CONSENT REVOKED,CONSENT REVOKED
62883f54704be7618a262b13,60ff8e461b09ef01754f3266,APPROVED,2022-05-21 01:24:53.298000,2022-05-21 01:57:37.595000,1964.297,37,335,4,99,2022-05-23 08:59:58.318000,81A407F4,United States,United States,Unemployed (and job seeking),I only know English,English,United States,Female,No
62883f5566dc1c28f5d959d5,5dce29700ad506063969a4a5,APPROVED,2022-05-21 01:24:37.013000,2022-05-21 01:47:12.280000,1355.267,38,1814,2,100,2022-05-23 08:59:58.548000,81A407F4,United States,United States,"Not in paid work (e.g. homemaker', 'retired or disabled)",I only know English,English,United States,Female,DATA EXPIRED
62883f6727e78eb979130e82,5df9846d76f45070feedf075,RETURNED,2022-05-21 01:24:59.869000,,220683.664325,59,2355,3,100,,,CONSENT REVOKED,CONSENT REVOKED,CONSENT REVOKED,CONSENT REVOKED,CONSENT REVOKED,CONSENT REVOKED,CONSENT REVOKED,CONSENT REVOKED
62883f8ba20220a8f044806a,5fbb2540b981f7c1e0fca5ff,APPROVED,2022-05-21 01:25:31.397000,2022-05-21 01:46:36.359000,1264.962,41,1579,1,100,2022-05-23 08:59:58.814000,81A407F4,United States,United States,DATA EXPIRED,I only know English,English,United States,Male,DATA EXPIRED
62883face47515a476552c4b,5e2ac2aa0038f21089a533a4,APPROVED,2022-05-21 01:26:04.649000,2022-05-21 01:45:12.309000,1147.66,42,2386,1,100,2022-05-23 09:00:00.236000,81A407F4,United States,United States,Unemployed (and job seeking),I only know English,English,United States,Female,No
62883fc5d7ec3a112e19a460,5d8abb245ada2b00018b74ed,RETURNED,2022-05-21 01:26:33.466000,,220590.105868,33,538,2,100,,,CONSENT REVOKED,CONSENT REVOKED,CONSENT REVOKED,CONSENT REVOKED,CONSENT REVOKED,CONSENT REVOKED,CONSENT REVOKED,CONSENT REVOKED
62883fcee9f04d3fb3338851,5c0727ff1d461400012b61ee,RETURNED,2022-05-21 01:28:51.305000,,220452.282077,53,2115,0,100,,,CONSENT REVOKED,CONSENT REVOKED,CONSENT REVOKED,CONSENT REVOKED,CONSENT REVOKED,CONSENT REVOKED,CONSENT REVOKED,CONSENT REVOKED
62883fd104d65e1afafa4ee4,6054e1ddb68b58dd23242765,APPROVED,2022-05-21 01:26:51.667000,2022-05-21 01:48:10.916000,1279.249,35,1185,5,99,2022-05-23 09:00:02.487000,81A407F4,United States,United States,DATA EXPIRED,I only know English,English,United States,Male,DATA EXPIRED
62883ffaa5ba78a9aec4dc55,5c663cd56fdc87000162e255,RETURNED,2022-05-21 01:27:25.385000,,220538.227297,24,2517,3,100,,,CONSENT REVOKED,CONSENT REVOKED,CONSENT REVOKED,CONSENT REVOKED,CONSENT REVOKED,CONSENT REVOKED,CONSENT REVOKED,CONSENT REVOKED
62883ffab4205f31b386843a,5be87ae193ca1f00014dae06,APPROVED,2022-05-21 01:27:37.766000,2022-05-21 03:14:39.478000,6421.712,46,1584,4,100,2022-05-23 09:00:03.003000,81A407F4,United States,United States,Full-Time,I only know English,English,United States,Male,No
62883ffe5be0bf39420defb6,60fefa8d26f46e84a295b223,RETURNED,2022-05-21 01:30:00.613000,,220383.023116,21,763,1,100,,,CONSENT REVOKED,CONSENT REVOKED,CONSENT REVOKED,CONSENT REVOKED,CONSENT REVOKED,CONSENT REVOKED,CONSENT REVOKED,CONSENT REVOKED
6288400025aebbb17ec50e69,5b9f09697b196f000195e1ed,RETURNED,2022-05-21 01:27:38.346000,,220525.301553,54,1130,0,100,,,CONSENT REVOKED,CONSENT REVOKED,CONSENT REVOKED,CONSENT REVOKED,CONSENT REVOKED,CONSENT REVOKED,CONSENT REVOKED,CONSENT REVOKED
6288400127e78eb979130e85,5d946449f5241f0018fe2af2,APPROVED,2022-05-21 01:27:31.740000,2022-05-21 02:01:06.962000,2015.222,42,1157,0,100,2022-05-23 09:00:03.590000,81A407F4,United States,United States,Full-Time,I only know English,English,United States,Female,No
6288400ba0cc3491e419ba24,5deb638bff7f7126d6fb5142,APPROVED,2022-05-21 01:30:25.756000,2022-05-21 01:52:11.901000,1306.145,47,1129,0,100,2022-05-23 09:00:04.141000,81A407F4,United States,United States,Full-Time,I only know English,English,United States,Male,No
628840193d2422737224b968,615fad239fd8b6f7c048057a,APPROVED,2022-05-21 01:27:56.683000,2022-05-21 01:44:33.636000,996.953,35,1273,24,92,2022-05-23 09:00:04.841000,81A407F4,United States,United States,Full-Time,I only know English,English,United States,Male,DATA EXPIRED
6288402a4eeaaebf6ab24f61,60eeed7cce4ddb957b239f03,APPROVED,2022-05-21 01:28:21.732000,2022-05-21 01:51:43.420000,1401.688,40,256,1,100,2022-05-23 09:00:05.405000,81A407F4,United States,United States,Part-Time,I only know English,English,United States,Female,No
6288404ba90003f4b11c0c46,61071879f62793b7b5581723,RETURNED,2022-05-21 01:28:47.677000,,220456.028878,20,112,0,100,,,CONSENT REVOKED,CONSENT REVOKED,CONSENT REVOKED,CONSENT REVOKED,CONSENT REVOKED,CONSENT REVOKED,CONSENT REVOKED,CONSENT REVOKED
6288404fc4e982e42bdaae26,60b8242021561f7827855c02,RETURNED,2022-05-21 01:29:26.835000,,220416.888678,36,893,1,100,,,CONSENT REVOKED,CONSENT REVOKED,CONSENT REVOKED,CONSENT REVOKED,CONSENT REVOKED,CONSENT REVOKED,CONSENT REVOKED,CONSENT REVOKED
6288406759743e33548e08a3,5dd56e51954d1952f17bb57b,RETURNED,2022-05-21 01:31:23.404000,,220300.33675,68,2145,1,100,,,CONSENT REVOKED,CONSENT REVOKED,CONSENT REVOKED,CONSENT REVOKED,CONSENT REVOKED,CONSENT REVOKED,CONSENT REVOKED,CONSENT REVOKED
6288408f3d2422737224b96c,5ba288c63fd80800016308c4,RETURNED,2022-05-21 01:30:09.897000,,220373.858521,29,491,0,100,,,CONSENT REVOKED,CONSENT REVOKED,CONSENT REVOKED,CONSENT REVOKED,CONSENT REVOKED,CONSENT REVOKED,CONSENT REVOKED,CONSENT REVOKED
628840971952a70187cda200,60ea823910936e7bff37d86b,APPROVED,2022-05-21 01:30:15.760000,2022-05-21 01:44:51.779000,876.019,23,755,0,100,2022-05-23 09:00:06.158000,81A407F4,United States,United States,Other,I only know English,English,United States,Male,No
6288409fa90003f4b11c0c4b,5e7a2ccd69a7770604dfb352,RETURNED,2022-05-21 01:32:14.060000,,220249.719299,49,1939,1,100,,,CONSENT REVOKED,CONSENT REVOKED,CONSENT REVOKED,CONSENT REVOKED,CONSENT REVOKED,CONSENT REVOKED,CONSENT REVOKED,CONSENT REVOKED
628840aa07cf9f2e6b040caa,5dc0ac2c441a2105cbb3bb0f,APPROVED,2022-05-21 01:32:12.957000,2022-05-21 01:54:44.785000,1351.828,34,2026,1,100,2022-05-23 09:00:07.320000,81A407F4,United States,United States,DATA EXPIRED,I only know English,English,United States,Male,No
628840aef23a168751a77245,60b8ebe00e8724e493098e52,APPROVED,2022-05-21 01:32:10.311000,2022-05-21 02:00:33.704000,1703.393,38,830,0,100,2022-05-23 09:00:07.786000,81A407F4,United States,United States,Full-Time,I only know English,English,United States,Male,No
628840b06c0b7ac63b19d13b,5c79bc94d454af00160e2eee,APPROVED,2022-05-21 01:30:29.394000,2022-05-21 02:20:20.369000,2990.975,30,2613,10,100,2022-05-23 09:00:08.395000,81A407F4,United States,United States,Full-Time,I only know English,English,United States,Female,No
628840b3e9f04d3fb333885a,60d9e7e76cf2ab6d21eb5f99,APPROVED,2022-05-21 01:35:17.736000,2022-05-21 02:01:11.482000,1553.746,59,1384,3,100,2022-05-23 09:00:08.922000,81A407F4,United States,United States,"Not in paid work (e.g. homemaker', 'retired or disabled)",I only know English,English,United States,Female,No
628840b90067e03db83aaca8,5d4b265b72db9d0015e8aac6,APPROVED,2022-05-21 01:30:35.445000,2022-05-21 02:09:50.621000,2355.176,30,1487,0,100,2022-05-23 09:00:09.574000,81A407F4,United States,United States,Other,I only know English,English,United States,Male,No
628840bab4d4c8c8afd5ec50,5d7cefc73f9ae70018b400f1,RETURNED,2022-05-21 01:30:34.309000,,220349.542375,39,2097,1,100,,,CONSENT REVOKED,CONSENT REVOKED,CONSENT REVOKED,CONSENT REVOKED,CONSENT REVOKED,CONSENT REVOKED,CONSENT REVOKED,CONSENT REVOKED
628840bc2f7988840dde2832,56c8915edfea6c000cb29c98,RETURNED,2022-05-21 01:30:42.370000,,220341.492459,41,2923,8,100,,,CONSENT REVOKED,CONSENT REVOKED,CONSENT REVOKED,CONSENT REVOKED,CONSENT REVOKED,CONSENT REVOKED,CONSENT REVOKED,CONSENT REVOKED
628840c7f3d7ddb01b355967,62827483ae4c6af3f0af9bce,RETURNED,2022-05-21 01:31:00.285000,,220323.589529,24,30,0,100,,,CONSENT REVOKED,CONSENT REVOKED,CONSENT REVOKED,CONSENT REVOKED,CONSENT REVOKED,CONSENT REVOKED,CONSENT REVOKED,CONSENT REVOKED
628840cb746aed152fde0709,5fadeb340e10471fdeb5fbf5,APPROVED,2022-05-21 01:30:59.582000,2022-05-21 01:57:24.219000,1584.637,23,1035,5,99,2022-05-23 09:00:10.239000,81A407F4,United States,United States,Part-Time,I only know English,English,United States,Male,Yes
628840de1075c3fc502b376e,5ea5dd6605b5170963934a65,APPROVED,2022-05-21 01:31:13.681000,2022-05-21 01:52:51.989000,1298.308,52,1404,9,99,2022-05-23 09:00:12.254000,81A407F4,United States,United States,Unemployed (and job seeking),I only know English,English,United States,Male,No
628840fff3cd224564218dff,5f5ab115b8e6411bcb5dadf1,APPROVED,2022-05-21 01:31:45.353000,2022-05-21 03:19:48.661000,6483.308,23,1217,3,100,2022-05-23 09:00:12.828000,81A407F4,United States,United States,Unemployed (and job seeking),I only know English,English,United States,Male,No
62884106068dbfe660d39fa7,60b1e0b0d3329704f19e6590,RETURNED,2022-05-21 01:32:18.422000,,220245.498999,26,704,1,100,,,CONSENT REVOKED,CONSENT REVOKED,CONSENT REVOKED,CONSENT REVOKED,CONSENT REVOKED,CONSENT REVOKED,CONSENT REVOKED,CONSENT REVOKED
62884127ad57ac06f7a2deab,60a7b54f182e4ecb0b53874a,APPROVED,2022-05-21 01:32:34.050000,2022-05-21 02:33:35.078000,3661.028,46,437,2,100,2022-05-23 09:00:13.385000,81A407F4,United States,United States,DATA EXPIRED,I only know English,English,United States,Female,DATA EXPIRED
62884150f0fb2751058665fe,5bd7971b0aac450001f951aa,RETURNED,2022-05-21 01:33:08.276000,,220195.668125,56,2580,2,100,,,CONSENT REVOKED,CONSENT REVOKED,CONSENT REVOKED,CONSENT REVOKED,CONSENT REVOKED,CONSENT REVOKED,CONSENT REVOKED,CONSENT REVOKED
62884152a20220a8f044807d,5d75c56a52c89d0017df611c,RETURNED,2022-05-21 01:34:43.352000,,220100.603144,40,833,3,100,,,CONSENT REVOKED,CONSENT REVOKED,CONSENT REVOKED,CONSENT REVOKED,CONSENT REVOKED,CONSENT REVOKED,CONSENT REVOKED,CONSENT REVOKED
6288415d6e5c4434760dd33c,5d9d5debf346240014428500,APPROVED,2022-05-21 01:33:21.925000,2022-05-21 01:56:03.089000,1361.164,22,424,3,99,2022-05-23 09:00:13.936000,81A407F4,United States,United States,Part-Time,I only know English,English,United States,Female,Yes
6288416fde55dcc480ac8a2d,5f5aa60bef062519ff711fe6,APPROVED,2022-05-21 01:38:54.182000,2022-05-21 02:19:31.583000,2437.401,19,1447,2,100,2022-05-23 09:00:14.564000,81A407F4,United States,United States,Unemployed (and job seeking),I only know English,English,United States,Male,Yes
628841871234b50a49abc6a4,57dd1a741334540001170404,RETURNED,2022-05-21 01:34:01.808000,,220142.181144,45,2159,9,99,,,CONSENT REVOKED,CONSENT REVOKED,CONSENT REVOKED,CONSENT REVOKED,CONSENT REVOKED,CONSENT REVOKED,CONSENT REVOKED,CONSENT REVOKED
628841a015b02fb26785c4b6,5deb6855cbd64d2752b691a5,RETURNED,2022-05-21 01:37:15.370000,,219948.63066,27,162,1,100,,,CONSENT REVOKED,CONSENT REVOKED,CONSENT REVOKED,CONSENT REVOKED,CONSENT REVOKED,CONSENT REVOKED,CONSENT REVOKED,CONSENT REVOKED
628841a06a05306a20e350b2,5e04b9be7adf4bf23f066a2a,RETURNED,2022-05-21 01:34:24.469000,,220119.545065,51,1737,1,100,,,CONSENT REVOKED,CONSENT REVOKED,CONSENT REVOKED,CONSENT REVOKED,CONSENT REVOKED,CONSENT REVOKED,CONSENT REVOKED,CONSENT REVOKED
628841a278001d110da1d01d,6286c4c0df22b592d4ae632a,RETURNED,2022-05-21 01:34:29.129000,,220114.897115,27,36,0,100,,,CONSENT REVOKED,CONSENT REVOKED,CONSENT REVOKED,CONSENT REVOKED,CONSENT REVOKED,CONSENT REVOKED,CONSENT REVOKED,CONSENT REVOKED
628841a98a00ec1995b2d591,5e68175076ef78000c8f91a3,RETURNED,2022-05-21 01:45:00.040000,,219483.997701,20,429,0,100,,,CONSENT REVOKED,CONSENT REVOKED,CONSENT REVOKED,CONSENT REVOKED,CONSENT REVOKED,CONSENT REVOKED,CONSENT REVOKED,CONSENT REVOKED
628841b2c9744a49ccb8a3dd,5fb9b9c1c62f408e51e09e32,RETURNED,2022-05-21 01:34:47.003000,,220097.046978,68,1656,3,100,,,CONSENT REVOKED,CONSENT REVOKED,CONSENT REVOKED,CONSENT REVOKED,CONSENT REVOKED,CONSENT REVOKED,CONSENT REVOKED,CONSENT REVOKED
628841d1a5f8c55c334aad5b,5c2c62542c45d400014a32e6,APPROVED,2022-05-21 01:35:19.242000,2022-05-21 02:05:54.267000,1835.025,28,2372,5,100,2022-05-23 09:00:15.191000,81A407F4,United States,United States,Part-Time,I only know English,English,United States,Male,No
628841dc769d1c17eb0ccb6e,5bd9f569eb22f2000183df4e,APPROVED,2022-05-21 01:35:27.126000,2022-05-21 02:11:50.795000,2183.669,45,2288,3,100,2022-05-23 09:00:15.626000,81A407F4,United States,United States,Full-Time,I only know English,English,United States,Female,No
628841ea41d0dd8c0891bd2f,5b49eba46a4f840001f77485,RETURNED,2022-05-21 01:35:38.532000,,220045.552467,50,2216,12,99,,,CONSENT REVOKED,CONSENT REVOKED,CONSENT REVOKED,CONSENT REVOKED,CONSENT REVOKED,CONSENT REVOKED,CONSENT REVOKED,CONSENT REVOKED
628841f075f167ed216b19e1,5999a1096b939900012da1c7,RETURNED,2022-05-21 01:35:54.157000,,220029.938596,36,1222,5,100,,,CONSENT REVOKED,CONSENT REVOKED,CONSENT REVOKED,CONSENT REVOKED,CONSENT REVOKED,CONSENT REVOKED,CONSENT REVOKED,CONSENT REVOKED
6288421896308a2eb14ffef6,6105a3ab3439f5af30a3777b,RETURNED,2022-05-21 01:36:27.736000,,219996.370704,25,516,0,100,,,CONSENT REVOKED,CONSENT REVOKED,CONSENT REVOKED,CONSENT REVOKED,CONSENT REVOKED,CONSENT REVOKED,CONSENT REVOKED,CONSENT REVOKED
62884230cb13d9e95fbb73ed,5c5dba4ed86a7f000191e5d5,APPROVED,2022-05-21 01:36:51.400000,2022-05-21 01:55:02.485000,1091.085,58,2251,21,97,2022-05-23 09:00:17.952000,81A407F4,United States,United States,DATA EXPIRED,I only know English,English,United States,Male,No
6288424826f0db168f544e69,6081adb85a8992a84093ed21,APPROVED,2022-05-21 01:37:14.152000,2022-05-21 01:57:56.142000,1241.99,28,525,3,100,2022-05-23 09:00:19.875000,81A407F4,United States,United States,Full-Time,I only know English,English,United States,Male,Yes
62884253769d1c17eb0ccb6f,5e8ea833d4e24915d6880320,APPROVED,2022-05-21 01:37:46.355000,2022-05-21 01:56:40.445000,1134.09,30,1524,0,100,2022-05-23 09:00:20.736000,81A407F4,United States,United States,Part-Time,I only know English,English,United States,Male,No
628842697dd74400a67b8572,5c745295821a97001763fb1b,APPROVED,2022-05-21 01:37:54.031000,2022-05-21 02:15:01.393000,2227.362,60,1617,12,98,2022-05-23 09:00:21.577000,81A407F4,United States,United States,Full-Time,I only know English,English,United States,Female,No
6288426ee9bdf577b3d46247,5ef035131f1b2a546b44c391,RETURNED,2022-05-21 01:37:55.156000,,219909.006011,70,2109,13,98,,,CONSENT REVOKED,CONSENT REVOKED,CONSENT REVOKED,CONSENT REVOKED,CONSENT REVOKED,CONSENT REVOKED,CONSENT REVOKED,CONSENT REVOKED
628842851d7d6b508de85795,5dfe8e7bdc8535b21b18ea2f,RETURNED,2022-05-21 01:44:10.898000,,219533.275011,42,2842,3,100,,,CONSENT REVOKED,CONSENT REVOKED,CONSENT REVOKED,CONSENT REVOKED,CONSENT REVOKED,CONSENT REVOKED,CONSENT REVOKED,CONSENT REVOKED
628842ab13e4b79782e4a938,5dd1dc9110420023be388e5d,RETURNED,2022-05-21 01:38:54.514000,,219849.67541,45,2262,7,100,,,CONSENT REVOKED,CONSENT REVOKED,CONSENT REVOKED,CONSENT REVOKED,CONSENT REVOKED,CONSENT REVOKED,CONSENT REVOKED,CONSENT REVOKED
628842b63cf4df294adac6af,5dd446ab87c1fd43fbb49aa1,RETURNED,2022-05-21 01:39:39.247000,,219804.953714,51,1549,2,100,,,CONSENT REVOKED,CONSENT REVOKED,CONSENT REVOKED,CONSENT REVOKED,CONSENT REVOKED,CONSENT REVOKED,CONSENT REVOKED,CONSENT REVOKED
628842ce26f0db168f544e6f,568899d9d7848e0005399c6b,RETURNED,2022-05-21 01:39:34.477000,,219809.734939,40,3487,8,100,,,CONSENT REVOKED,CONSENT REVOKED,CONSENT REVOKED,CONSENT REVOKED,CONSENT REVOKED,CONSENT REVOKED,CONSENT REVOKED,CONSENT REVOKED
628842d2fcb429d61893461b,61523eecd52ec29c4c08d938,APPROVED,2022-05-21 01:39:37.251000,2022-05-21 02:01:33.163000,1315.912,50,728,4,99,2022-05-23 09:00:23.144000,81A407F4,United States,United States,Due to start a new job within the next month,I only know English,English,United States,Female,No
628842d31075c3fc502b3779,5fc50bb38378c80ac88354ef,APPROVED,2022-05-21 01:44:12.850000,2022-05-21 02:26:36.939000,2544.089,64,1873,6,100,2022-05-23 09:00:24.061000,81A407F4,United States,United States,"Not in paid work (e.g. homemaker', 'retired or disabled)",I only know English,English,United States,Female,No
628842f3f3d7ddb01b35597d,5692e00c8d93fe000efa0459,APPROVED,2022-05-21 01:41:24.678000,2022-05-21 02:12:02.282000,1837.604,41,2710,2,100,2022-05-23 09:00:24.855000,81A407F4,United States,United States,DATA EXPIRED,I only know English,English,United States,Male,No
628843110f283b984d796024,5f985a6faf071810974a32f8,APPROVED,2022-05-21 01:41:00.229000,2022-05-21 02:11:30.789000,1830.56,35,2109,1,100,2022-05-23 09:00:25.742000,81A407F4,United States,United States,DATA EXPIRED,I only know English,English,United States,Male,No
628843140ae9537e5a574559,56ed166d0260df000d2f011d,RETURNED,2022-05-21 01:40:38.861000,,219745.476536,28,1111,12,98,,,CONSENT REVOKED,CONSENT REVOKED,CONSENT REVOKED,CONSENT REVOKED,CONSENT REVOKED,CONSENT REVOKED,CONSENT REVOKED,CONSENT REVOKED
628843336884adc6d2457d5c,5e5080883771350caf2d9fda,APPROVED,2022-05-21 01:43:03.331000,2022-05-21 02:03:19.664000,1216.333,27,2081,1,100,2022-05-23 09:00:26.625000,81A407F4,United States,United States,Full-Time,I only know English,English,United States,Male,No
62884344818be5575d76cbff,6115c8cbd1923433e1832a02,RETURNED,2022-05-21 01:41:58.513000,,219665.863141,25,1061,10,98,,,CONSENT REVOKED,CONSENT REVOKED,CONSENT REVOKED,CONSENT REVOKED,CONSENT REVOKED,CONSENT REVOKED,CONSENT REVOKED,CONSENT REVOKED
6288435b385ec08cb9c41ea3,5f7a28b8bedcf2112ebd1289,RETURNED,2022-05-21 01:42:42.580000,,219621.815291,36,1473,3,100,,,CONSENT REVOKED,CONSENT REVOKED,CONSENT REVOKED,CONSENT REVOKED,CONSENT REVOKED,CONSENT REVOKED,CONSENT REVOKED,CONSENT REVOKED
6288435f96e55ffae0422ca9,5f01b9892b6ad501d933a117,APPROVED,2022-05-21 01:45:10.636000,2022-05-21 02:15:50.109000,1839.473,46,1215,2,100,2022-05-23 09:00:28.998000,81A407F4,Guam,United States,Other,I only know English,English,United States,Female,No
62884361e723410b3ebd2622,5ae3a41d32ef52000131a531,APPROVED,2022-05-21 01:41:56.183000,2022-05-21 02:00:14.619000,1098.436,24,2385,0,100,2022-05-23 09:00:29.699000,81A407F4,United States,United States,Full-Time,I only know English,English,United States,Male,No
62884365e9bdf577b3d4624c,6029acb673830e93bcc9230f,RETURNED,2022-05-21 01:42:20.046000,,219644.407697,71,1732,25,96,,,CONSENT REVOKED,CONSENT REVOKED,CONSENT REVOKED,CONSENT REVOKED,CONSENT REVOKED,CONSENT REVOKED,CONSENT REVOKED,CONSENT REVOKED
628843714078b0cbd756ab4d,5b5c8d4e10aec90001ed4bee,APPROVED,2022-05-21 01:42:11.979000,2022-05-21 01:57:37.009000,925.03,23,2250,2,100,2022-05-23 09:00:30.314000,81A407F4,United States,United States,Full-Time,I only know English,English,United States,Female,No
6288437c621944f0ef0ea1c5,5d60b5beea1c1c0001c98bf6,APPROVED,2022-05-21 01:45:51.653000,2022-05-21 02:14:34.178000,1722.525,64,2112,0,100,2022-05-23 09:00:30.885000,81A407F4,United States,United States,Full-Time,I only know English,English,United States,Female,DATA EXPIRED
62884386778b8ff50cf7fd94,614f75c032f05a135099017b,RETURNED,2022-05-21 01:42:37.324000,,219627.178093,70,1259,13,96,,,CONSENT REVOKED,CONSENT REVOKED,CONSENT REVOKED,CONSENT REVOKED,CONSENT REVOKED,CONSENT REVOKED,CONSENT REVOKED,CONSENT REVOKED
628843937fb9fe3eb6c21e7f,60838e2e91a6300001f9ac89,APPROVED,2022-05-21 01:50:50.278000,2022-05-21 02:28:12.050000,2241.772,40,1170,1,100,2022-05-23 09:00:32.411000,81A407F4,United States,United States,DATA EXPIRED,I only know English,English,United States,Female,No
628843c2c65c458239ed7d24,61bb392e40db417c1a138dcb,APPROVED,2022-05-21 01:43:39.672000,2022-05-21 02:09:53.229000,1573.557,48,891,9,98,2022-05-23 09:00:33.956000,81A407F4,United States,United States,Part-Time,I only know English,English,United States,Female,No
628843d660042d71ffb299dd,5e52d0122f5f952f2a7b6b28,RETURNED,2022-05-21 01:43:50.092000,,219554.448365,37,1492,0,100,,,CONSENT REVOKED,CONSENT REVOKED,CONSENT REVOKED,CONSENT REVOKED,CONSENT REVOKED,CONSENT REVOKED,CONSENT REVOKED,CONSENT REVOKED
628843f81f81069cacb00db4,5bbc0004ac45e6000131d380,APPROVED,2022-05-21 01:44:29.845000,2022-05-21 03:20:15.142000,5745.297,53,1184,1,100,2022-05-23 09:00:34.509000,81A407F4,United States,United States,Full-Time,I only know English,English,United States,Female,No
62884406eee056d59ad1da73,602c5fd808e6c3528a8ba43b,APPROVED,2022-05-21 01:44:38.054000,2022-05-21 02:31:46.432000,2828.378,21,849,1,100,2022-05-23 09:00:35.124000,81A407F4,United States,United States,DATA EXPIRED,I only know English,English,United States,Male,Yes
6288440805ea06cb892fd434,60859f820e5009a67adb3921,RETURNED,2022-05-21 01:44:55.441000,,219489.136104,54,1267,1,100,,,CONSENT REVOKED,CONSENT REVOKED,CONSENT REVOKED,CONSENT REVOKED,CONSENT REVOKED,CONSENT REVOKED,CONSENT REVOKED,CONSENT REVOKED
6288440b59743e33548e08bf,599e08a45a2c6c0001322a7c,APPROVED,2022-05-21 01:45:01.681000,2022-05-21 01:59:48.558000,886.877,27,1419,4,100,2022-05-23 09:00:35.537000,81A407F4,United States,United States,DATA EXPIRED,I only know English,English,United States,Male,DATA EXPIRED
6288440c3d8c903f3212b806,5f4fd146ee39f70f490889c9,APPROVED,2022-05-21 01:44:44.467000,2022-05-21 02:00:05.290000,920.823,24,988,7,99,2022-05-23 09:00:35.958000,81A407F4,United States,United States,DATA EXPIRED,I only know English,English,United States,Male,No
62884410d38f8b2e9e783ded,59bd5ee0b7a3f000017d5c60,APPROVED,2022-05-21 01:50:25.618000,2022-05-21 02:09:09.335000,1123.717,38,423,0,100,2022-05-23 09:00:36.360000,81A407F4,United States,United States,Unemployed (and job seeking),I only know English,English,United States,Male,No
6288441688d75930be1d32f9,5ba6f4fb8e137f000161b9d7,APPROVED,2022-05-21 01:49:51.042000,2022-05-21 02:10:38.281000,1247.239,27,1714,1,100,2022-05-23 09:00:36.821000,81A407F4,United States,United States,Unemployed (and job seeking),I only know English,English,United States,Male,No
6288442491de27e3df324976,6109e6596c52fa1f853b16c2,APPROVED,2022-05-21 01:45:17.464000,2022-05-21 02:01:15.306000,957.842,32,1205,2,100,2022-05-23 09:00:37.188000,81A407F4,United States,United States,Full-Time,I only know English,English,United States,Female,No
62884433a955d17c220665d5,5490c822fdf99b71ba910e1a,RETURNED,2022-05-21 01:45:25.810000,,219458.851445,26,1444,2,100,,,CONSENT REVOKED,CONSENT REVOKED,CONSENT REVOKED,CONSENT REVOKED,CONSENT REVOKED,CONSENT REVOKED,CONSENT REVOKED,CONSENT REVOKED
62884443d22eed346cecdf5b,5c7135f1bd8e00000172fdf5,APPROVED,2022-05-21 01:45:42.761000,2022-05-21 02:14:50.302000,1747.541,38,1347,0,100,2022-05-23 09:00:37.425000,81A407F4,United States,United States,Full-Time,I only know English,English,United States,Male,No
62884445fcb429d61893462b,5dd3e3cd5daaa63c5fdb7bb8,RETURNED,2022-05-21 01:45:46.218000,,219438.472197,35,2617,2,100,,,CONSENT REVOKED,CONSENT REVOKED,CONSENT REVOKED,CONSENT REVOKED,CONSENT REVOKED,CONSENT REVOKED,CONSENT REVOKED,CONSENT REVOKED
62884456b7b2537f48e8d810,6089714497c6a46ebdf12234,APPROVED,2022-05-21 01:45:58.701000,2022-05-21 02:05:00.004000,1141.303,27,1066,4,100,2022-05-23 09:00:37.739000,81A407F4,United States,United States,Unemployed (and job seeking),I only know English,English,United States,Female,No
62884489fc37fe714f843c3f,60b4f4b34e71c30513ecc1f5,RETURNED,2022-05-21 01:46:57.643000,,219367.080524,32,602,3,100,,,CONSENT REVOKED,CONSENT REVOKED,CONSENT REVOKED,CONSENT REVOKED,CONSENT REVOKED,CONSENT REVOKED,CONSENT REVOKED,CONSENT REVOKED
62884496ced7954831b77af3,628509db78b0974b3a6c739a,RETURNED,2022-05-21 01:47:07.194000,,219357.542042,29,12,0,100,,,CONSENT REVOKED,CONSENT REVOKED,CONSENT REVOKED,CONSENT REVOKED,CONSENT REVOKED,CONSENT REVOKED,CONSENT REVOKED,CONSENT REVOKED
628844b08c4bc3d5b9c88247,567dd32b4f0ef30006dbb718,RETURNED,2022-05-21 01:47:33.700000,,219331.048444,55,4613,1,100,,,CONSENT REVOKED,CONSENT REVOKED,CONSENT REVOKED,CONSENT REVOKED,CONSENT REVOKED,CONSENT REVOKED,CONSENT REVOKED,CONSENT REVOKED
628844f2479f817e85cb97e8,5b2b9c81a9681800015872c2,APPROVED,2022-05-21 01:48:43.372000,2022-05-21 02:22:24.985000,2021.613,24,158,0,100,2022-05-23 09:00:38.089000,81A407F4,United States,United States,DATA EXPIRED,I only know English,English,United States,Male,DATA EXPIRED
628844fffc37fe714f843c41,6151c93f62e26ed6871a5fbd,APPROVED,2022-05-21 01:48:51.060000,2022-05-21 02:08:05.906000,1154.846,49,1531,9,99,2022-05-23 09:00:38.405000,81A407F4,United States,United States,Full-Time,I only know English,English,United States,Male,No
628845043d8c903f3212b80a,5d1804fa1a4be70001636be9,APPROVED,2022-05-21 01:48:55.668000,2022-05-21 02:08:31.780000,1176.112,33,734,1,100,2022-05-23 09:00:38.711000,81A407F4,United States,United States,Full-Time,I only know English,English,United States,Female,No
62884504f9a6a6e2a0c981c7,60ef4d541f9d5122ffad5d48,RETURNED,2022-05-21 01:53:48.379000,,218956.420876,25,691,3,100,,,CONSENT REVOKED,CONSENT REVOKED,CONSENT REVOKED,CONSENT REVOKED,CONSENT REVOKED,CONSENT REVOKED,CONSENT REVOKED,CONSENT REVOKED
6288451865d4e55f4b9a43a9,609e28fc803b1238af34d1c4,APPROVED,2022-05-21 01:49:15.967000,2022-05-21 02:31:05.911000,2509.944,43,854,8,98,2022-05-23 09:00:39.070000,NOCODE,United States,United States,Full-Time,I only know English,English,United States,Male,No
6288451cc0f934369cba8be4,5f40442792000717762de583,APPROVED,2022-05-21 01:52:25.340000,2022-05-21 02:26:11.498000,2026.158,,621,0,100,2022-05-23 09:00:39.443000,81A407F4,United States,United States,DATA EXPIRED,I only know English,English,United States,Male,DATA EXPIRED
62884523df104d6df77aedb9,5ec9cf3ed4642d4ebb802b42,RETURNED,2022-05-21 01:49:30.287000,,219214.563541,54,1553,0,100,,,CONSENT REVOKED,CONSENT REVOKED,CONSENT REVOKED,CONSENT REVOKED,CONSENT REVOKED,CONSENT REVOKED,CONSENT REVOKED,CONSENT REVOKED
6288452a59743e33548e08c6,611688156f6d22853511ffb3,RETURNED,2022-05-21 01:49:50.210000,,219194.652629,20,1133,3,100,,,CONSENT REVOKED,CONSENT REVOKED,CONSENT REVOKED,CONSENT REVOKED,CONSENT REVOKED,CONSENT REVOKED,CONSENT REVOKED,CONSENT REVOKED
6288455260042d71ffb299ee,5c39606586c1450001a9675d,APPROVED,2022-05-21 01:50:15.046000,2022-05-21 02:12:50.825000,1355.779,36,1797,3,100,2022-05-23 09:00:39.839000,81A407F4,United States,United States,DATA EXPIRED,I only know English,English,United States,Female,DATA EXPIRED
62884569bbc1b8e291a0e4d1,60fd1c40e4dea75bcd7741f7,RETURNED,2022-05-21 01:50:38.532000,,219146.357713,53,862,13,97,,,CONSENT REVOKED,CONSENT REVOKED,CONSENT REVOKED,CONSENT REVOKED,CONSENT REVOKED,CONSENT REVOKED,CONSENT REVOKED,CONSENT REVOKED
628845e2cd2a715d70aad373,5cfc7489e289a80016b6e29f,APPROVED,2022-05-21 01:53:24.874000,2022-05-21 02:11:05.501000,1060.627,27,647,4,99,2022-05-23 09:00:40.156000,81A407F4,United States,United States,Full-Time,I only know English,English,United States,Male,No
628846009f992dfb5da9a97c,5ec75df0d799ae1c11a8115c,APPROVED,2022-05-21 02:01:38.394000,2022-05-21 02:44:53.102000,2594.708,22,1596,0,100,2022-05-23 09:00:40.444000,81A407F4,United States,United States,Part-Time,I only know English,English,United States,Female,No
6288460ee72d3a28fdf60ba5,57a2b3e1dcff7d0001c7d0dc,RETURNED,2022-05-21 01:53:30.567000,,218974.367273,28,671,1,100,,,CONSENT REVOKED,CONSENT REVOKED,CONSENT REVOKED,CONSENT REVOKED,CONSENT REVOKED,CONSENT REVOKED,CONSENT REVOKED,CONSENT REVOKED
628846ba97594c917969d00e,5c4c7a1a9446be00017e6b4a,RETURNED,2022-05-21 01:56:15.727000,,218809.22409,46,2443,22,96,,,CONSENT REVOKED,CONSENT REVOKED,CONSENT REVOKED,CONSENT REVOKED,CONSENT REVOKED,CONSENT REVOKED,CONSENT REVOKED,CONSENT REVOKED
6288472c4856bbc88cd7b270,6175829c31cba7108908d548,RETURNED,2022-05-21 01:58:06.839000,,218698.128346,67,1233,3,100,,,CONSENT REVOKED,CONSENT REVOKED,CONSENT REVOKED,CONSENT REVOKED,CONSENT REVOKED,CONSENT REVOKED,CONSENT REVOKED,CONSENT REVOKED
628847304361f80158c4c10e,5fb5d0347bcf111b3f1e7720,RETURNED,2022-05-21 01:58:12.025000,,218692.958469,24,214,3,98,,,CONSENT REVOKED,CONSENT REVOKED,CONSENT REVOKED,CONSENT REVOKED,CONSENT REVOKED,CONSENT REVOKED,CONSENT REVOKED,CONSENT REVOKED
628847bdfc37fe714f843c50,5dde8fba82f458000c8c7c75,RETURNED,2022-05-21 02:00:29.446000,,218555.554566,40,2347,9,100,,,CONSENT REVOKED,CONSENT REVOKED,CONSENT REVOKED,CONSENT REVOKED,CONSENT REVOKED,CONSENT REVOKED,CONSENT REVOKED,CONSENT REVOKED
62884857c22ebee1dc405e2f,5f4c2538e955e012cd8daa1e,APPROVED,2022-05-21 02:03:12.563000,2022-05-21 02:27:39.769000,1467.206,20,118,0,100,2022-05-23 09:00:41.958000,81A407F4,United States,United States,Other,I only know English,English,United States,Female,Yes
628848a3460e7b8f046bdde3,5591cd21fdf99b63126f6c60,RETURNED,2022-05-21 02:14:19.493000,,217725.543008,31,2299,8,100,,,CONSENT REVOKED,CONSENT REVOKED,CONSENT REVOKED,CONSENT REVOKED,CONSENT REVOKED,CONSENT REVOKED,CONSENT REVOKED,CONSENT REVOKED
628848b4d8520fd3939d8b7b,5de33ff0cc246f3633dc01d2,APPROVED,2022-05-21 02:04:45.672000,2022-05-21 02:23:38.655000,1132.983,35,2363,10,99,2022-05-23 09:00:43.217000,81A407F4,United States,United States,Other,I only know English,English,United States,Male,No
628848c13827408835ffb123,5f50732850c7c600098593df,APPROVED,2022-05-21 02:05:31.270000,2022-05-21 02:27:07.451000,1296.181,23,1612,3,100,2022-05-23 09:00:43.795000,81A407F4,United States,United States,Full-Time,I only know English,English,United States,Male,Yes
62884a8cb913db6e35ac8d53,60bff9298f56d55c8ecd9adf,APPROVED,2022-05-21 02:15:04.061000,2022-05-21 02:34:35.269000,1171.208,31,1217,4,100,2022-05-23 09:00:44.369000,81A407F4,United States,United States,DATA EXPIRED,I only know English,English,United States,Female,No
62884beea5fa7601a44d19d1,5c1655c7ad682500017070d2,RETURNED,2022-05-21 02:18:28.988000,,217476.104071,33,2751,6,100,,,CONSENT REVOKED,CONSENT REVOKED,CONSENT REVOKED,CONSENT REVOKED,CONSENT REVOKED,CONSENT REVOKED,CONSENT REVOKED,CONSENT REVOKED
62884c237b8d72e1a3da05ca,61004894cb6a01bb2ac7aa62,RETURNED,2022-05-21 02:19:17.975000,,217427.130388,23,229,1,100,,,CONSENT REVOKED,CONSENT REVOKED,CONSENT REVOKED,CONSENT REVOKED,CONSENT REVOKED,CONSENT REVOKED,CONSENT REVOKED,CONSENT REVOKED
62884d1a9684fe6a1ecf12c5,5e8a26247ad7526bf85abbff,RETURNED,2022-05-21 02:23:41.386000,,217163.733115,24,2067,31,95,,,CONSENT REVOKED,CONSENT REVOKED,CONSENT REVOKED,CONSENT REVOKED,CONSENT REVOKED,CONSENT REVOKED,CONSENT REVOKED,CONSENT REVOKED
62884d3611cd0179867160fc,5e3e54f69e51f80b67c1cc06,RETURNED,2022-05-21 02:32:42.878000,,216622.257496,47,1747,1,100,,,CONSENT REVOKED,CONSENT REVOKED,CONSENT REVOKED,CONSENT REVOKED,CONSENT REVOKED,CONSENT REVOKED,CONSENT REVOKED,CONSENT REVOKED
62884dad59a88ba0981c8105,5ce1c42ca80ce0001a4aeb82,RETURNED,2022-05-21 02:25:51.663000,,217033.486525,55,2265,14,99,,,CONSENT REVOKED,CONSENT REVOKED,CONSENT REVOKED,CONSENT REVOKED,CONSENT REVOKED,CONSENT REVOKED,CONSENT REVOKED,CONSENT REVOKED
62884e68458bf548e697270a,6074b929f753216d88c77e88,APPROVED,2022-05-21 02:28:56.147000,2022-05-21 03:06:23.016000,2246.869,30,1470,6,100,2022-05-23 09:00:44.815000,81A407F4,United States,United States,Full-Time,I only know English,English,United States,Male,Yes
62884faf89da898279df0514,60fcda2818c2d1cdd55a18aa,RETURNED,2022-05-21 02:34:26.151000,,216519.028564,21,984,12,97,,,CONSENT REVOKED,CONSENT REVOKED,CONSENT REVOKED,CONSENT REVOKED,CONSENT REVOKED,CONSENT REVOKED,CONSENT REVOKED,CONSENT REVOKED
62884fdba693a44ce9b44c49,55cb79e0fdf99b3c26ae4bca,APPROVED,2022-05-21 02:35:07.231000,2022-05-21 03:33:09.716000,3482.485,45,513,2,100,2022-05-23 09:00:45.339000,81A407F4,United States,United States,DATA EXPIRED,I only know English,English,United States,Female,No
628851083e87de52402c284d,5c2c6e432c45d400014a35e3,APPROVED,2022-05-21 02:40:08.636000,2022-05-21 03:04:39.519000,1470.883,39,2521,5,100,2022-05-23 09:00:45.858000,81A407F4,United States,United States,Full-Time,I only know English,English,United States,Male,Yes
628856c5f5209ad5eafc7add,627142805c1992313f79ec55,APPROVED,2022-05-21 03:04:39.435000,2022-05-21 03:32:10.401000,1650.966,49,188,2,99,2022-05-23 09:00:47.049000,81A407F4,Korea,United States,Full-Time,I only know English,English,United States,Male,No
62885ce9f462834ee6222130,5dd42e7f35cf744223c60d1b,APPROVED,2022-05-21 03:30:54.462000,2022-05-21 03:54:36.733000,1422.271,45,2462,11,99,2022-05-23 09:00:47.605000,81A407F4,United States,United States,Full-Time,I only know English,English,United States,Male,No
62885ceca4afde0b9e4777b9,5d6f332829c25100188a4a27,APPROVED,2022-05-21 03:30:52.552000,2022-05-21 04:40:18.080000,4165.528,27,1525,27,95,2022-05-23 09:00:47.967000,81A407F4,United States,United States,DATA EXPIRED,I only know English,English,United States,Male,No
